ETL Developer,"Manhattan, NY",MAYORS OFFICE OF CONTRACT SVCS
ETL Developer,"New York, NY",Mayor's Office of Contract Services
Data Warehouse/Business Intelligence Developer,"New York, NY","Configuration Management, Inc."
ETL Developer,"Bronx, NY",CenterLight Health System
"Senior Developer, ETL","New York, NY",SiriusXM
BUSINESS INTELLIGENCE DEVELOPER,"New York, NY",HOUSING PRESERVATION & DVLPMNT
Data Warehouse Developer,"New York, NY",CLEAR - Corporate
Sr Data Warehouse Developer,"New Hyde Park, NY",Northwell Health
"Lead Developer, ETL","New York, NY",SiriusXM
Business Intelligence Developer,"New York, NY",Tommy John
ETL Developer,"New York, NY",Tech Search America
Senior Engineer - Vice President,"New York, NY",Deutsche Bank
SQL Developer,"New York, NY",Networkers Technology
DATA WAREHOUSE DEVELOPER,"New York, NY",Mount Sinai Health System
Lead ETL Developer,"Albany, NY",Avani Tech Solutions
Data Analyst,New York State,Acacia Technical Services
Business Intelligence Developer,"New York, NY",Hospital for Special Surgery
Business Intelligence developer,"New York, NY",Stratacent
Senior Data Engineer,"New York, NY",Rockstar New York
Big Data Developer - Intelligent Solutions,"New York, NY",JP Morgan Chase
"Big Data Developer, Machine Learning - Intelligent Solutions","New York, NY",JP Morgan Chase
ETL Developer,"Liverpool, NY",Raymour & Flanigan
ETL Developer,"Blooming Grove, NY",Mediacom Communications Corporation
DATA ENGINEER,"New York, NY",Mount Sinai Health System
Sr Software Developer - Data Services and Data Warehousing for BI,"New York, NY",WebMD
Data Engineer,"New York, NY",StreetEasy
Data Engineer,"New York, NY",elasticiti
INFORMATICA DEVELOPER,"Yonkers, NY",Montefiore Medical Center
Business Intelligence Developer,"Rochester, NY",Transcat
Senior Data Warehouse Developer,"New York, NY",Trov
Database Developer,"New York, NY",Sudler& Hennessey
NY SPARCS Application Developer ETL,"Albany, NY",UnitedHealth Group
Data Engineer,"New York, NY",Via
Senior Developer - Vice President,"New York, NY",Deutsche Bank
"Senior Data Engineer, Next Big Sound","New York, NY","Pandora Media, Inc."
Intern - Developer (Investment Technology),"New York, NY",OppenheimerFunds
Data Warehouse Analsyt,"Middletown, NY",TeleQuest
Data Engineer,"New York, NY",CB Insights
ETL Developer,"Cheektowaga, NY",M&T Bank
Software Engineer Data/ETL N728,"New York, NY",Publicis Media
Database Developer,"Brooklyn, NY",Achievement First
"Data Warehouse Manager, OPT",New York State,New York City Department of Education .
Head of Data Services Regulatory Trade Reporting IT Support,"New York, NY",Citi
Application Developer,"New York, NY",Bank of America
Senior Data Engineer,"Manhattan, NY",Adaptive Management
Database Developer,"New York, NY",Saks Fifth Avenue
Developer II-Information Mgt,"New York, NY",NYU School of Medicine Population Health-Health Innov (S1643)
Sr. Database Developer / Business Intelligence Analyst,"New York, NY",Defined Clarity
FMS Integration/System Tester,"New York, NY",FISA
Data Analyst,"New York, NY",Trov
SQL Developer,"Uniondale, NY","Healthplex, Inc."
SQL Developer,"New Windsor, NY","Technically Creative,Inc."
Business Intelligence Developer,"New York, NY",Indeed
Business Intelligence Database Developer,"Canandaigua, NY",Canandaigua National Bank
BI Developer,"New York, NY","Nomura Holdings, Inc."
Software Developer - Reference Data,"New York, NY",Balyasny
Developer - Database,"New York, NY",Morgan Stanley
Software Engineer Lead,"New York, NY",Capgemini
Senior SQL Developer with Capital Markets exp,"New York, NY",Perficient
Data Warehouse DBA,"Brooklyn, NY",Mythics
SSIS ETL Developer (nice to have Siebel EIM),"Albany, NY",VISTRADA
Data Analytics Specialist - Supervision Group,"New York, NY",Federal Reserve Bank of New York
Senior Data Engineer,"New York, NY",Argyle Executive Forum
Sr. Consultant - CRM Developer - Dynamics 365,"New York, NY",CohnReznick
Data Modeler / Database Developer,"New York, NY",Defined Clarity
Senior Data Engineer,"New York, NY",Newsela
SQL Developer,"Elmsford, NY",Securitas
Data Warehouse Architect,"Brooklyn, NY",Mythics
Big Data Architect - Intelligent Solutions,"New York, NY",JP Morgan Chase
ETL Developer,"Albany, NY",Avani Tech Solutions
Data Analytics Developer,"New York, NY",Marsh
Business Intelligence Developer,"Syracuse, NY",Syracuse University
Computational Science Developer II,"Cold Spring Harbor, NY",Cold Spring Harbor Laboratory
Software Developer (Part-Time),"New York, NY",Columbia University
Application Developer,"New York, NY",CBS Corporate
DATABASE ENGINEER,"Yonkers, NY",Montefiore Medical Center
Senior Banking SQL Application Support DBA,"New York, NY",Blue Creek Corporation
Business Intelligence Database Developer,"Canandaigua, NY",Canandaigua National Bank & Tr
Data Engineer Intern,"Brooklyn, NY",Achievement First
Software Developer,"New York, NY",Columbia University
