ETL Developer,Engage Partners Inc Syracuse NY,Engage Partners Inc Syracuse NY
ETL Developer,Raymour Flanigan Liverpool NY,Raymour Flanigan Liverpool NY
ETL Developer,M T Bank Cheektowaga NY,M T Bank Cheektowaga NY
ETL Lead Developer,The Judge Group New York NY,The Judge Group New York NY
ETL Application Developer 1 year assignment,Career Developers Inc New York NY,Career Developers Inc New York NY
NY SPARCS Application Developer ETL Albany NY,UnitedHealth Group Albany NY,UnitedHealth Group Albany NY
Database Developer,Infinity Consulting Solutions New York NY,Infinity Consulting Solutions New York NY
Business Intelligence Developer,Canandaigua National Bank Trust Rochester NY area NY,Canandaigua National Bank Trust Rochester NY area NY
Senior Tririga Developer,Deloitte New York NY,Deloitte New York NY
Data Science Platform Developer,The NPD Group Port Washington NY,The NPD Group Port Washington NY
Data Integration Informatica Developer,ConsultNet New York NY,ConsultNet New York NY
Big Data Developer New York NY 185k,Frank Recruitment Group New York NY,Frank Recruitment Group New York NY
Back End Developer,Robert Half Technology New York NY,Robert Half Technology New York NY
Net Developer,Mitchell Martin Inc New York NY,Mitchell Martin Inc New York NY
Senior Database Developer,Kforce Technology New York NY,Kforce Technology New York NY
Senior Java Developer,Kforce Technology New York NY,Kforce Technology New York NY
Python Developer,ConsultNet New York NY,ConsultNet New York NY
Data Analytics Developer,MARSH MCLENNAN COMPANIES INC New York NY,MARSH MCLENNAN COMPANIES INC New York NY
Salesforce Developer Administrator Lightning,New York NY,New York NY
Data Warehouse Developer,Nesco Resource Horseheads NY,Nesco Resource Horseheads NY
Lead GIS Developer,Lynx Technology Partners Inc New York NY,Lynx Technology Partners Inc New York NY
Geographical Information System GIS Lead Developer,US Tech Solutions Inc New York NY,US Tech Solutions Inc New York NY
Sr Business Analyst Developer,The NPD Group Port Washington NY,The NPD Group Port Washington NY
Manager Strategy Operations Senior Tririga Technical Solution Architect Real Estate,Deloitte New York NY,Deloitte New York NY
Java Developer,Neotecra Inc New York NY,Neotecra Inc New York NY
QA Analyst Business Intelligence,Infinity Consulting Solutions New York NY,Infinity Consulting Solutions New York NY
Azure Big Data Engineer New York NY 185k,Frank Recruitment Group New York NY,Frank Recruitment Group New York NY
Technical Architect Salesforce,Tata Consultancy Services New York NY,Tata Consultancy Services New York NY
Capital Markets Data Analyst 2 to 5 years experience,Advantage Resourcing New York NY,Advantage Resourcing New York NY
